graph_section,components,num_nodes,num_edges,num_edge_types,mean_component_diameter,mean_component_distance,density,mean_component_connectivity,mean_degree,median_degree,max_degree,stdev_degree,skewness_degree,kurtosis_degree
full graph,328.0,9692.0,15808.0,237.0,1.1920731707317074,1.0040508981596645,7.10144261869739e-07,1.1097560975609757,3.2620718118035494,2.0,423.0,7.799001608101086,26.805501993406722,1106.3273674516104
full graph,79.0,12857.0,47509.0,237.0,1.0253164556962024,0.8505838086442417,1.2127800255675768e-06,1.2658227848101267,7.390371004122268,4.0,1301.0,20.62201395568762,31.328371882055013,1516.1899753460627
