graph_section,components,num_nodes,num_edges,num_edge_types,mean_component_diameter,mean_component_distance,density,mean_component_connectivity,mean_degree,median_degree,max_degree,stdev_degree,skewness_degree,kurtosis_degree
full graph,2931.0,7527.0,4752.0,11.0,1.3551688843398157,1.1314880777461995,7.6260143261034126e-06,1.0232002729443876,1.2626544440015943,1.0,28.0,0.9521382845476813,11.541355130960577,213.43128912672404
full graph,4166.0,17620.0,14250.0,11.0,1.8490158425348056,1.3169848406246942,4.1728715802900115e-06,1.0343254920787326,1.6174801362088536,1.0,85.0,1.9577810663184332,17.450276890447704,502.1200335046782
full graph,4055.0,13157.0,9494.0,11.0,1.6392108508014795,1.2380170204599104,4.98627013135138e-06,1.0254007398273737,1.4431861366572927,1.0,56.0,1.4817370554397296,14.965698948867004,363.897403744906
