graph_section,components,num_nodes,num_edges,num_edge_types,mean_component_diameter,mean_component_distance,density,mean_component_connectivity,mean_degree,median_degree,max_degree,stdev_degree,skewness_degree,kurtosis_degree
full graph,2.0,118.0,322.0,33.0,5.0,2.1024737631184407,0.0007067634186278254,1.5,5.4576271186440675,4.0,29.0,5.041596578897336,2.3057047433773845,6.349897606319743
full graph,1.0,133.0,964.0,38.0,5.0,2.349737981316929,0.0014450000599585087,1.0,14.496240601503759,12.0,75.0,13.579409479309936,2.261092130456494,5.778323165697039
full graph,1.0,132.0,643.0,37.0,6.0,2.67499421697895,0.00100499527980444,1.0,9.742424242424242,8.0,53.0,9.403916988633474,2.365860849138221,6.428558088477816
full graph,1.0,135.0,1606.0,40.0,6.0,2.1257048092868986,0.0022194582642343836,1.0,23.79259259259259,19.0,114.0,21.89574499381145,2.062082435989821,4.533051212688127
full graph,1.0,134.0,1285.0,39.0,6.0,2.213556278756593,0.0018487665777532235,1.0,19.17910447761194,15.0,98.0,17.739344393086995,2.150613737877799,5.128162867361203
